{"train_loss": 0.013384951373686393, "_timestamp": 1709559799.6286492, "_runtime": 172.4049482345581, "_step": 25, "test_loss": 0.024820126247406007, "_wandb": {"runtime": 171}}