{"train_loss": 0.028312459681121012, "_timestamp": 1709573909.8218722, "_runtime": 384.29607915878296, "_step": 57, "test_loss": 0.026645487403869628, "_wandb": {"runtime": 382}}