{"train_loss": 2.3011689675649007, "_timestamp": 1709553924.4851813, "_runtime": 249.34285736083984, "_step": 37, "test_loss": 2.3010151123046874, "_wandb": {"runtime": 247}}