{"train_loss": 2.3011678131103515, "_timestamp": 1709558074.4374862, "_runtime": 275.9658522605896, "_step": 41, "test_loss": 2.3010228271484374, "_wandb": {"runtime": 274}}