{"train_loss": 0.04539817777238786, "_timestamp": 1709577722.0177736, "_runtime": 134.21246671676636, "_step": 19, "test_loss": 0.03288209571838379, "_wandb": {"runtime": 132}}