{"train_loss": 2.30115941251119, "_timestamp": 1709571534.3346746, "_runtime": 343.95712065696716, "_step": 51, "test_loss": 2.301014111328125, "_wandb": {"runtime": 342}}