{"train_loss": 2.301165307744344, "_timestamp": 1709550273.331127, "_runtime": 236.64873790740967, "_step": 35, "test_loss": 2.3009849853515627, "_wandb": {"runtime": 235}}