{"train_loss": 2.30139275042216, "_timestamp": 1709556914.3685572, "_runtime": 224.91108632087708, "_step": 33, "test_loss": 2.3011032470703126, "_wandb": {"runtime": 223}}