{"train_loss": 2.3013602423350017, "_timestamp": 1709554455.0108764, "_runtime": 172.71190452575684, "_step": 25, "test_loss": 2.3010064697265626, "_wandb": {"runtime": 171}}