{"train_loss": 0.060158305623879034, "_timestamp": 1709558754.303899, "_runtime": 199.88597798347473, "_step": 29, "test_loss": 0.03222688751220703, "_wandb": {"runtime": 198}}