{"train_loss": 2.3011591108957927, "_timestamp": 1709565694.3134193, "_runtime": 356.23455929756165, "_step": 53, "test_loss": 2.3010114990234376, "_wandb": {"runtime": 354}}