{"train_loss": 2.3012092999776206, "_timestamp": 1709556684.6928632, "_runtime": 237.1666612625122, "_step": 35, "test_loss": 2.3104121337890624, "_wandb": {"runtime": 235}}