{"train_loss": 2.3012049441019693, "_timestamp": 1709559508.5803263, "_runtime": 173.57820534706116, "_step": 25, "test_loss": 2.300974169921875, "_wandb": {"runtime": 172}}