{"train_loss": 2.3016081756591795, "_timestamp": 1709557537.4297113, "_runtime": 132.4523904323578, "_step": 19, "test_loss": 2.3015729736328123, "_wandb": {"runtime": 131}}