{"train_loss": 2.301159646987915, "_timestamp": 1709570007.5538974, "_runtime": 304.06120443344116, "_step": 45, "test_loss": 2.3010108154296876, "_wandb": {"runtime": 302}}