{"train_loss": 2.3011594128926594, "_timestamp": 1709576458.450133, "_runtime": 357.1955711841583, "_step": 53, "test_loss": 2.3010111328125, "_wandb": {"runtime": 355}}