{"train_loss": 2.3011595635732016, "_timestamp": 1709563447.1306748, "_runtime": 395.85445189476013, "_step": 59, "test_loss": 3.041262255859375, "_wandb": {"runtime": 394}}