{"train_loss": 2.301535299428304, "_timestamp": 1709550503.3984046, "_runtime": 224.88622069358826, "_step": 33, "test_loss": 2.3012119140625, "_wandb": {"runtime": 223}}