{"train_loss": 2.3011594172159833, "_timestamp": 1709568612.3900695, "_runtime": 383.0114073753357, "_step": 57, "test_loss": 2.301012353515625, "_wandb": {"runtime": 381}}