{"train_loss": 2.3011628707885743, "_timestamp": 1709550031.7326238, "_runtime": 290.89799785614014, "_step": 43, "test_loss": 2.30102841796875, "_wandb": {"runtime": 289}}