{"train_loss": 2.301159348042806, "_timestamp": 1709561959.7448614, "_runtime": 382.95429825782776, "_step": 57, "test_loss": 2.3010131103515623, "_wandb": {"runtime": 381}}