{"train_loss": 2.3011591603597004, "_timestamp": 1709566809.4405594, "_runtime": 369.5038824081421, "_step": 55, "test_loss": 2.3010135498046873, "_wandb": {"runtime": 368}}