{"train_loss": 2.3012892929077147, "_timestamp": 1709558304.3254437, "_runtime": 225.56026363372803, "_step": 33, "test_loss": 2.3010302978515624, "_wandb": {"runtime": 224}}