{"train_loss": 2.3011594894409177, "_timestamp": 1709552375.2485306, "_runtime": 367.37369561195374, "_step": 55, "test_loss": 2.32856015625, "_wandb": {"runtime": 365}}