{"train_loss": 2.3015142695109048, "_timestamp": 1709554087.3233852, "_runtime": 158.4718372821808, "_step": 23, "test_loss": 2.30122216796875, "_wandb": {"runtime": 157}}