{"train_loss": 2.301159378560384, "_timestamp": 1709574246.411696, "_runtime": 330.73616886138916, "_step": 49, "test_loss": 2.3010115234375, "_wandb": {"runtime": 329}}