{"train_loss": 2.301159699757894, "_timestamp": 1709570778.9145057, "_runtime": 374.3240716457367, "_step": 55, "test_loss": 2.3010240966796873, "_wandb": {"runtime": 372}}