{"train_loss": 2.301159293874105, "_timestamp": 1709577181.3540666, "_runtime": 370.2963356971741, "_step": 55, "test_loss": 2.30101181640625, "_wandb": {"runtime": 368}}