{"train_loss": 0.07534014778782924, "_timestamp": 1709561571.5322642, "_runtime": 397.63277220726013, "_step": 59, "test_loss": 0.04678093872070312, "_wandb": {"runtime": 396}}