{"train_loss": 0.015762397654525313, "_timestamp": 1709560766.860707, "_runtime": 396.5585341453552, "_step": 59, "test_loss": 0.02789978494644165, "_wandb": {"runtime": 395}}