{"train_loss": 2.301159458287557, "_timestamp": 1709555137.0850317, "_runtime": 262.4937708377838, "_step": 39, "test_loss": 2.301010009765625, "_wandb": {"runtime": 261}}