{"train_loss": 2.302091929499308, "_timestamp": 1709559620.3582528, "_runtime": 107.41455388069153, "_step": 15, "test_loss": 2.302271533203125, "_wandb": {"runtime": 106}}