{"train_loss": 2.3048004923502603, "_timestamp": 1709549593.208977, "_runtime": 146.2845549583435, "_step": 21, "test_loss": 3.1085625732421875, "_wandb": {"runtime": 144}}