{"train_loss": 2.301159480158488, "_timestamp": 1709552904.0684052, "_runtime": 334.4532001018524, "_step": 49, "test_loss": 2.3010231201171876, "_wandb": {"runtime": 328}}