{"train_loss": 2.30115931930542, "_timestamp": 1709565332.6909022, "_runtime": 382.5133571624756, "_step": 57, "test_loss": 2.3010145751953126, "_wandb": {"runtime": 381}}