{"train_loss": 2.301209696451823, "_timestamp": 1709557794.3226702, "_runtime": 251.62384033203125, "_step": 37, "test_loss": 2.301054541015625, "_wandb": {"runtime": 250}}