{"train_loss": 0.010828549032103426, "_timestamp": 1709560365.4566982, "_runtime": 396.98595929145813, "_step": 59, "test_loss": 0.0247699152469635, "_wandb": {"runtime": 395}}