{"train_loss": 2.314954240290324, "_timestamp": 1709554627.0286243, "_runtime": 41.602747201919556, "_step": 5, "test_loss": 2.3144082763671876, "_wandb": {"runtime": 40}}