{"train_loss": 2.3048618083953856, "_timestamp": 1709550601.9405565, "_runtime": 92.57018446922302, "_step": 13, "test_loss": 2.303611083984375, "_wandb": {"runtime": 91}}