{"train_loss": 2.301159405644735, "_timestamp": 1709569699.4267855, "_runtime": 369.9642674922943, "_step": 55, "test_loss": 2.3010116455078125, "_wandb": {"runtime": 368}}