{"train_loss": 2.301159417597453, "_timestamp": 1709563834.0228043, "_runtime": 382.6188452243805, "_step": 57, "test_loss": 2.3010124755859374, "_wandb": {"runtime": 381}}