{"train_loss": 0.027219314488722012, "_timestamp": 1709554869.4338768, "_runtime": 238.68780970573425, "_step": 35, "test_loss": 0.024747250747680666, "_wandb": {"runtime": 237}}