{"train_loss": 2.30115952835083, "_timestamp": 1709574569.2409363, "_runtime": 317.70210123062134, "_step": 47, "test_loss": 2.3010116943359376, "_wandb": {"runtime": 316}}