{"train_loss": 2.3014379698435468, "_timestamp": 1709554579.8128932, "_runtime": 119.87339425086975, "_step": 17, "test_loss": 2.30134345703125, "_wandb": {"runtime": 118}}