{"train_loss": 2.3011893339792886, "_timestamp": 1709551719.2185986, "_runtime": 224.9131715297699, "_step": 33, "test_loss": 2.3009786376953123, "_wandb": {"runtime": 223}}