{"train_loss": 2.3045900596618654, "_timestamp": 1709573159.0167089, "_runtime": 54.79768395423889, "_step": 7, "test_loss": 2.304214794921875, "_wandb": {"runtime": 53}}