{"train_loss": 2.3011592338562012, "_timestamp": 1709566094.664595, "_runtime": 396.5809488296509, "_step": 59, "test_loss": 2.3010123291015625, "_wandb": {"runtime": 395}}