{"train_loss": 0.014566132307176788, "_timestamp": 1709564946.1979275, "_runtime": 369.99459648132324, "_step": 55, "test_loss": 0.023923617792129516, "_wandb": {"runtime": 368}}