{"train_loss": 0.04568195966159304, "_timestamp": 1709572323.60994, "_runtime": 383.36515712738037, "_step": 57, "test_loss": 0.03243667507171631, "_wandb": {"runtime": 382}}