{"train_loss": 2.3011726743062337, "_timestamp": 1709555693.4207788, "_runtime": 238.19292783737183, "_step": 35, "test_loss": 2.3009778076171874, "_wandb": {"runtime": 236}}