{"train_loss": 2.3025902178446453, "_timestamp": 1709549735.2012553, "_runtime": 137.65335631370544, "_step": 19, "test_loss": 2.30262958984375, "_wandb": {"runtime": 131}}