{"train_loss": 2.3011618759155272, "_timestamp": 1709557195.5903797, "_runtime": 276.30018877983093, "_step": 41, "test_loss": 2.3010145263671875, "_wandb": {"runtime": 274}}