{"train_loss": 2.3011603888193766, "_timestamp": 1709558957.8482418, "_runtime": 199.56488490104675, "_step": 29, "test_loss": 2.3010078369140623, "_wandb": {"runtime": 198}}