{"train_loss": 2.3011597426096597, "_timestamp": 1709551057.1770835, "_runtime": 365.8315784931183, "_step": 55, "test_loss": 2.3010240966796873, "_wandb": {"runtime": 364}}