{"train_loss": 0.012087093470117542, "_timestamp": 1709567158.199017, "_runtime": 344.33785009384155, "_step": 51, "test_loss": 0.02527216076850891, "_wandb": {"runtime": 342}}