{"train_loss": 2.301405939102173, "_timestamp": 1709557399.4254632, "_runtime": 198.33999109268188, "_step": 29, "test_loss": 2.3014557373046873, "_wandb": {"runtime": 196}}