{"train_loss": 2.301159280649821, "_timestamp": 1709573099.5390835, "_runtime": 371.346316576004, "_step": 55, "test_loss": 2.301011328125, "_wandb": {"runtime": 369}}