{"train_loss": 2.3011594506581625, "_timestamp": 1709559329.826177, "_runtime": 212.6681787967682, "_step": 31, "test_loss": 2.30101591796875, "_wandb": {"runtime": 211}}