{"train_loss": 2.3011594506581625, "_timestamp": 1709569322.7266896, "_runtime": 357.62330961227417, "_step": 53, "test_loss": 2.3010123779296876, "_wandb": {"runtime": 356}}