{"train_loss": 2.303683287302653, "_timestamp": 1709550686.4856102, "_runtime": 79.39233231544495, "_step": 11, "test_loss": 2.30313515625, "_wandb": {"runtime": 78}}