{"train_loss": 0.03964416777988275, "_timestamp": 1709568961.2988663, "_runtime": 344.0760712623596, "_step": 51, "test_loss": 0.030963500785827637, "_wandb": {"runtime": 342}}