{"train_loss": 2.3011594966888427, "_timestamp": 1709562685.4298353, "_runtime": 343.89454340934753, "_step": 51, "test_loss": 2.3010135498046873, "_wandb": {"runtime": 342}}