{"train_loss": 0.07000976637204488, "_timestamp": 1709576806.7309742, "_runtime": 343.551881313324, "_step": 51, "test_loss": 0.03344348545074463, "_wandb": {"runtime": 342}}