{"train_loss": 2.301159807840983, "_timestamp": 1709553671.0960069, "_runtime": 329.9553289413452, "_step": 49, "test_loss": 2.30102275390625, "_wandb": {"runtime": 328}}