{"train_loss": 2.3011594153086343, "_timestamp": 1709572723.6715837, "_runtime": 395.45856761932373, "_step": 59, "test_loss": 2.3010123291015625, "_wandb": {"runtime": 394}}