{"train_loss": 2.3011590986887613, "_timestamp": 1709563045.826723, "_runtime": 356.47664308547974, "_step": 53, "test_loss": 2.3010115966796874, "_wandb": {"runtime": 355}}