{"train_loss": 2.301170527394613, "_timestamp": 1709549356.2828236, "_runtime": 289.96983647346497, "_step": 43, "test_loss": 2.3010451904296874, "_wandb": {"runtime": 289}}