{"train_loss": 2.301219413503011, "_timestamp": 1709554278.2065163, "_runtime": 185.61818718910217, "_step": 27, "test_loss": 2.301022802734375, "_wandb": {"runtime": 184}}