{"train_loss": 0.012830813784284207, "_timestamp": 1709562336.0900872, "_runtime": 368.4824311733246, "_step": 55, "test_loss": 0.02603275737762451, "_wandb": {"runtime": 367}}