{"train_loss": 2.3015121496836346, "_timestamp": 1709552565.637871, "_runtime": 185.72839999198914, "_step": 27, "test_loss": 2.301267919921875, "_wandb": {"runtime": 184}}