{"train_loss": 0.02627307538323415, "_timestamp": 1709561169.5485263, "_runtime": 397.36142230033875, "_step": 59, "test_loss": 0.026846514511108397, "_wandb": {"runtime": 395}}