{"train_loss": 2.3011593582153322, "_timestamp": 1709576095.7635384, "_runtime": 382.6354124546051, "_step": 57, "test_loss": 2.3010119140625, "_wandb": {"runtime": 381}}