{"train_loss": 2.3011594767252603, "_timestamp": 1709573520.365853, "_runtime": 356.7980101108551, "_step": 53, "test_loss": 2.301012451171875, "_wandb": {"runtime": 355}}