{"train_loss": 2.3011593597412108, "_timestamp": 1709564196.559076, "_runtime": 357.3059329986572, "_step": 53, "test_loss": 2.30101142578125, "_wandb": {"runtime": 355}}