{"train_loss": 2.3011610651652017, "_timestamp": 1709553159.4654195, "_runtime": 251.6435844898224, "_step": 37, "test_loss": 2.30100126953125, "_wandb": {"runtime": 250}}