{"train_loss": 2.3011601609547934, "_timestamp": 1709551490.1005845, "_runtime": 211.1729896068573, "_step": 31, "test_loss": 2.3010041015625, "_wandb": {"runtime": 209}}