{"train_loss": 2.3011597985585532, "_timestamp": 1709551273.2333086, "_runtime": 212.0751564502716, "_step": 31, "test_loss": 2.30100576171875, "_wandb": {"runtime": 210}}