{"train_loss": 0.011285443634004333, "_timestamp": 1709575332.5543108, "_runtime": 371.3538467884064, "_step": 55, "test_loss": 0.025793928718566894, "_wandb": {"runtime": 369}}