{"train_loss": 2.3011593591054282, "_timestamp": 1709577583.3522801, "_runtime": 397.38426518440247, "_step": 59, "test_loss": 2.301012890625, "_wandb": {"runtime": 396}}