{"train_loss": 2.301159457397461, "_timestamp": 1709567836.5027943, "_runtime": 318.6036021709442, "_step": 47, "test_loss": 2.301011328125, "_wandb": {"runtime": 317}}