{"train_loss": 2.3011595644632976, "_timestamp": 1709574956.593102, "_runtime": 383.2155170440674, "_step": 57, "test_loss": 2.3010119140625, "_wandb": {"runtime": 381}}