{"train_loss": 2.3012156972249347, "_timestamp": 1709559964.3976996, "_runtime": 159.56640148162842, "_step": 23, "test_loss": 2.301013330078125, "_wandb": {"runtime": 158}}