{"train_loss": 2.3012944798787434, "_timestamp": 1709553336.4587243, "_runtime": 172.84173917770386, "_step": 25, "test_loss": 2.3009904052734376, "_wandb": {"runtime": 171}}