{"train_loss": 2.3011593978881835, "_timestamp": 1709566431.8946385, "_runtime": 331.92069458961487, "_step": 49, "test_loss": 2.301011572265625, "_wandb": {"runtime": 330}}