{"train_loss": 2.3012305670420328, "_timestamp": 1709556439.2165163, "_runtime": 198.45940017700195, "_step": 29, "test_loss": 2.301164111328125, "_wandb": {"runtime": 197}}