{"train_loss": 0.05908308085271468, "_timestamp": 1709564571.0731604, "_runtime": 369.7257504463196, "_step": 55, "test_loss": 0.029930522155761717, "_wandb": {"runtime": 368}}