{"train_loss": 2.3011594502766926, "_timestamp": 1709578084.4682045, "_runtime": 356.9003086090088, "_step": 53, "test_loss": 2.3010163818359377, "_wandb": {"runtime": 355}}