{"train_loss": 2.301159209950765, "_timestamp": 1709575708.1089857, "_runtime": 370.95602774620056, "_step": 55, "test_loss": 2.3010121337890626, "_wandb": {"runtime": 369}}