{"train_loss": 2.305882388051351, "_timestamp": 1709549442.9136071, "_runtime": 79.61219310760498, "_step": 11, "test_loss": 2.3059893310546875, "_wandb": {"runtime": 78}}