{"train_loss": 2.3011593589782713, "_timestamp": 1709555445.83318, "_runtime": 303.56603384017944, "_step": 45, "test_loss": 2.301010546875, "_wandb": {"runtime": 302}}