{"train_loss": 2.3011607934316, "_timestamp": 1709552002.5411487, "_runtime": 278.45194458961487, "_step": 41, "test_loss": 2.3010118896484375, "_wandb": {"runtime": 277}}