{"train_loss": 2.301159486134847, "_timestamp": 1709571935.4705806, "_runtime": 397.1315264701843, "_step": 59, "test_loss": 2.3010123779296876, "_wandb": {"runtime": 395}}