{"train_loss": 2.301159515508016, "_timestamp": 1709556015.768034, "_runtime": 316.6487820148468, "_step": 47, "test_loss": 2.301020751953125, "_wandb": {"runtime": 315}}