{"train_loss": 2.3012143679300943, "_timestamp": 1709556234.629351, "_runtime": 213.9975779056549, "_step": 31, "test_loss": 2.300976904296875, "_wandb": {"runtime": 210}}