{"train_loss": 2.3013894147237144, "_timestamp": 1709559111.4325914, "_runtime": 145.92747354507446, "_step": 21, "test_loss": 2.301244482421875, "_wandb": {"runtime": 144}}