{"train_loss": 2.3011609320322672, "_timestamp": 1709558548.810258, "_runtime": 238.13276982307434, "_step": 35, "test_loss": 2.300997412109375, "_wandb": {"runtime": 236}}