{"train_loss": 2.3011592904408773, "_timestamp": 1709567507.5807462, "_runtime": 343.9109880924225, "_step": 51, "test_loss": 2.3010157958984374, "_wandb": {"runtime": 342}}