{"train_loss": 0.01267341236040617, "_timestamp": 1709568224.984498, "_runtime": 383.5173749923706, "_step": 57, "test_loss": 0.025944601249694825, "_wandb": {"runtime": 382}}