{"train_loss": 2.301159390258789, "_timestamp": 1709570398.0353544, "_runtime": 386.46729826927185, "_step": 57, "test_loss": 2.3010116943359376, "_wandb": {"runtime": 385}}