{"train_loss": 2.301159290568034, "_timestamp": 1709571185.8948226, "_runtime": 397.33465671539307, "_step": 59, "test_loss": 2.3010130615234377, "_wandb": {"runtime": 395}}